1,73 74 6F 70 74 61 64 30 31 00 00 01 
2,73 74 6F 70 74 61 64 30 31 00 00 02 
3,73 74 6F 70 74 61 64 30 31 00 00 03 
4,73 74 6F 70 74 61 64 30 31 00 00 04 
5,73 74 6F 70 74 61 64 30 31 00 00 05 
6,73 74 6F 70 74 61 64 30 31 00 00 06 
7,73 74 6F 70 74 61 64 30 31 00 00 07 
8,73 74 6F 70 74 61 64 30 31 00 00 08 
9,73 74 6F 70 74 61 64 30 31 00 00 09 
10,73 74 6F 70 74 61 64 30 31 00 00 10 
11,73 74 6F 70 74 61 64 30 31 00 00 11 
12,73 74 6F 70 74 61 64 30 31 00 00 12 
13,73 74 6F 70 74 61 64 30 31 00 00 13 
14,73 74 6F 70 74 61 64 30 31 00 00 14 
15,73 74 6F 70 74 61 64 30 31 00 00 15 
16,73 74 6F 70 74 61 64 30 31 00 00 16 
17,73 74 6F 70 74 61 64 30 31 00 00 17 
18,73 74 6F 70 74 61 64 30 31 00 00 18 
19,73 74 6F 70 74 61 64 30 31 00 00 19 
20,73 74 6F 70 74 61 64 30 31 00 00 20 
21,73 74 6F 70 74 61 64 30 31 00 00 21 
22,73 74 6F 70 74 61 64 30 31 00 00 22 
23,73 74 6F 70 74 61 64 30 31 00 00 23 
24,73 74 6F 70 74 61 64 30 31 00 00 24 
25,73 74 6F 70 74 61 64 30 31 00 00 25 
26,73 74 6F 70 74 61 64 30 31 00 00 26 
27,73 74 6F 70 74 61 64 30 31 00 00 27 
28,73 74 6F 70 74 61 64 30 31 00 00 28 
29,73 74 6F 70 74 61 64 30 31 00 00 29 
30,73 74 6F 70 74 61 64 30 31 00 00 30 
31,73 74 6F 70 74 61 64 30 31 00 00 31 
32,73 74 6F 70 74 61 64 30 31 00 00 32 
33,73 74 6F 70 74 61 64 30 31 00 00 33 
34,73 74 6F 70 74 61 64 30 31 00 00 34 
35,73 74 6F 70 74 61 64 30 31 00 00 35 
36,73 74 6F 70 74 61 64 30 31 00 00 36 
37,73 74 6F 70 74 61 64 30 31 00 00 37 
38,73 74 6F 70 74 61 64 30 31 00 00 38 
39,73 74 6F 70 74 61 64 30 31 00 00 39 
40,73 74 6F 70 74 61 64 30 31 00 00 40 
41,73 74 6F 70 74 61 64 30 31 00 00 41 
42,73 74 6F 70 74 61 64 30 31 00 00 42 
43,73 74 6F 70 74 61 64 30 31 00 00 43 
44,73 74 6F 70 74 61 64 30 31 00 00 44 
45,73 74 6F 70 74 61 64 30 31 00 00 45 
46,73 74 6F 70 74 61 64 30 31 00 00 46 
47,73 74 6F 70 74 61 64 30 31 00 00 47 
48,73 74 6F 70 74 61 64 30 31 00 00 48 
49,73 74 6F 70 74 61 64 30 31 00 00 49 
50,73 74 6F 70 74 61 64 30 31 00 00 50 
51,73 74 6F 70 74 61 64 30 31 00 00 51 
52,73 74 6F 70 74 61 64 30 31 00 00 52 
53,73 74 6F 70 74 61 64 30 31 00 00 53 
54,73 74 6F 70 74 61 64 30 31 00 00 54 
55,73 74 6F 70 74 61 64 30 31 00 00 55 
56,73 74 6F 70 74 61 64 30 31 00 00 56 
57,73 74 6F 70 74 61 64 30 31 00 00 57 
58,73 74 6F 70 74 61 64 30 31 00 00 58 
59,73 74 6F 70 74 61 64 30 31 00 00 59 
60,73 74 6F 70 74 61 64 30 31 00 00 60 
61,73 74 6F 70 74 61 64 30 31 00 00 61 
62,73 74 6F 70 74 61 64 30 31 00 00 62 
63,73 74 6F 70 74 61 64 30 31 00 00 63 
64,73 74 6F 70 74 61 64 30 31 00 00 64 
65,73 74 6F 70 74 61 64 30 31 00 00 65 
66,73 74 6F 70 74 61 64 30 31 00 00 66 
67,73 74 6F 70 74 61 64 30 31 00 00 67 
68,73 74 6F 70 74 61 64 30 31 00 00 68 
69,73 74 6F 70 74 61 64 30 31 00 00 69 
70,73 74 6F 70 74 61 64 30 31 00 00 70 
71,73 74 6F 70 74 61 64 30 31 00 00 71 
72,73 74 6F 70 74 61 64 30 31 00 00 72 
73,73 74 6F 70 74 61 64 30 31 00 00 73 
74,73 74 6F 70 74 61 64 30 31 00 00 74 
75,73 74 6F 70 74 61 64 30 31 00 00 75 
76,73 74 6F 70 74 61 64 30 31 00 00 76 
77,73 74 6F 70 74 61 64 30 31 00 00 77 
78,73 74 6F 70 74 61 64 30 31 00 00 78 
79,73 74 6F 70 74 61 64 30 31 00 00 79 
80,73 74 6F 70 74 61 64 30 31 00 00 80 
81,73 74 6F 70 74 61 64 30 31 00 00 81 
82,73 74 6F 70 74 61 64 30 31 00 00 82 
83,73 74 6F 70 74 61 64 30 31 00 00 83 
84,73 74 6F 70 74 61 64 30 31 00 00 84 
85,73 74 6F 70 74 61 64 30 31 00 00 85 
86,73 74 6F 70 74 61 64 30 31 00 00 86 
87,73 74 6F 70 74 61 64 30 31 00 00 87 
88,73 74 6F 70 74 61 64 30 31 00 00 88 
89,73 74 6F 70 74 61 64 30 31 00 00 89 
90,73 74 6F 70 74 61 64 30 31 00 00 90 
91,73 74 6F 70 74 61 64 30 31 00 00 91 
92,73 74 6F 70 74 61 64 30 31 00 00 92 
93,73 74 6F 70 74 61 64 30 31 00 00 93 
94,73 74 6F 70 74 61 64 30 31 00 00 94 
95,73 74 6F 70 74 61 64 30 31 00 00 95 
96,73 74 6F 70 74 61 64 30 31 00 00 96 
97,73 74 6F 70 74 61 64 30 31 00 00 97 
98,73 74 6F 70 74 61 64 30 31 00 00 98 
99,73 74 6F 70 74 61 64 30 31 00 00 99 
100,73 74 6F 70 74 61 64 30 31 00 01 00 
101,73 74 6F 70 74 61 64 30 31 00 01 01 
102,73 74 6F 70 74 61 64 30 31 00 01 02 
103,73 74 6F 70 74 61 64 30 31 00 01 03 
104,73 74 6F 70 74 61 64 30 31 00 01 04 
105,73 74 6F 70 74 61 64 30 31 00 01 05 
106,73 74 6F 70 74 61 64 30 31 00 01 06 
107,73 74 6F 70 74 61 64 30 31 00 01 07 
108,73 74 6F 70 74 61 64 30 31 00 01 08 
109,73 74 6F 70 74 61 64 30 31 00 01 09 
110,73 74 6F 70 74 61 64 30 31 00 01 10 
111,73 74 6F 70 74 61 64 30 31 00 01 11 
112,73 74 6F 70 74 61 64 30 31 00 01 12 
113,73 74 6F 70 74 61 64 30 31 00 01 13 
114,73 74 6F 70 74 61 64 30 31 00 01 14 
115,73 74 6F 70 74 61 64 30 31 00 01 15 
116,73 74 6F 70 74 61 64 30 31 00 01 16 
117,73 74 6F 70 74 61 64 30 31 00 01 17 
118,73 74 6F 70 74 61 64 30 31 00 01 18 
119,73 74 6F 70 74 61 64 30 31 00 01 19 
120,73 74 6F 70 74 61 64 30 31 00 01 20 
121,73 74 6F 70 74 61 64 30 31 00 01 21 
122,73 74 6F 70 74 61 64 30 31 00 01 22 
123,73 74 6F 70 74 61 64 30 31 00 01 23 
124,73 74 6F 70 74 61 64 30 31 00 01 24 
125,73 74 6F 70 74 61 64 30 31 00 01 25 
126,73 74 6F 70 74 61 64 30 31 00 01 26 
127,73 74 6F 70 74 61 64 30 31 00 01 27 
128,73 74 6F 70 74 61 64 30 31 00 01 28 
129,73 74 6F 70 74 61 64 30 31 00 01 29 
130,73 74 6F 70 74 61 64 30 31 00 01 30 
131,73 74 6F 70 74 61 64 30 31 00 01 31 
132,73 74 6F 70 74 61 64 30 31 00 01 32 
133,73 74 6F 70 74 61 64 30 31 00 01 33 
134,73 74 6F 70 74 61 64 30 31 00 01 34 
135,73 74 6F 70 74 61 64 30 31 00 01 35 
136,73 74 6F 70 74 61 64 30 31 00 01 36 
137,73 74 6F 70 74 61 64 30 31 00 01 37 
138,73 74 6F 70 74 61 64 30 31 00 01 38 
139,73 74 6F 70 74 61 64 30 31 00 01 39 
140,73 74 6F 70 74 61 64 30 31 00 01 40 
141,73 74 6F 70 74 61 64 30 31 00 01 41 
142,73 74 6F 70 74 61 64 30 31 00 01 42 
143,73 74 6F 70 74 61 64 30 31 00 01 43 
144,73 74 6F 70 74 61 64 30 31 00 01 44 
145,73 74 6F 70 74 61 64 30 31 00 01 45 
146,73 74 6F 70 74 61 64 30 31 00 01 46 
147,73 74 6F 70 74 61 64 30 31 00 01 47 
148,73 74 6F 70 74 61 64 30 31 00 01 48 
149,73 74 6F 70 74 61 64 30 31 00 01 49 
150,73 74 6F 70 74 61 64 30 31 00 01 50 
151,73 74 6F 70 74 61 64 30 31 00 01 51 
152,73 74 6F 70 74 61 64 30 31 00 01 52 
153,73 74 6F 70 74 61 64 30 31 00 01 53 
154,73 74 6F 70 74 61 64 30 31 00 01 54 
155,73 74 6F 70 74 61 64 30 31 00 01 55 
156,73 74 6F 70 74 61 64 30 31 00 01 56 
157,73 74 6F 70 74 61 64 30 31 00 01 57 
158,73 74 6F 70 74 61 64 30 31 00 01 58 
159,73 74 6F 70 74 61 64 30 31 00 01 59 
160,73 74 6F 70 74 61 64 30 31 00 01 60 
161,73 74 6F 70 74 61 64 30 31 00 01 61 
162,73 74 6F 70 74 61 64 30 31 00 01 62 
163,73 74 6F 70 74 61 64 30 31 00 01 63 
164,73 74 6F 70 74 61 64 30 31 00 01 64 
165,73 74 6F 70 74 61 64 30 31 00 01 65 
166,73 74 6F 70 74 61 64 30 31 00 01 66 
167,73 74 6F 70 74 61 64 30 31 00 01 67 
168,73 74 6F 70 74 61 64 30 31 00 01 68 
169,73 74 6F 70 74 61 64 30 31 00 01 69 
170,73 74 6F 70 74 61 64 30 31 00 01 70 
171,73 74 6F 70 74 61 64 30 31 00 01 71 
172,73 74 6F 70 74 61 64 30 31 00 01 72 
173,73 74 6F 70 74 61 64 30 31 00 01 73 
174,73 74 6F 70 74 61 64 30 31 00 01 74 
175,73 74 6F 70 74 61 64 30 31 00 01 75 
176,73 74 6F 70 74 61 64 30 31 00 01 76 
177,73 74 6F 70 74 61 64 30 31 00 01 77 
178,73 74 6F 70 74 61 64 30 31 00 01 78 
179,73 74 6F 70 74 61 64 30 31 00 01 79 
180,73 74 6F 70 74 61 64 30 31 00 01 80 
181,73 74 6F 70 74 61 64 30 31 00 01 81 
182,73 74 6F 70 74 61 64 30 31 00 01 82 
183,73 74 6F 70 74 61 64 30 31 00 01 83 
184,73 74 6F 70 74 61 64 30 31 00 01 84 
185,73 74 6F 70 74 61 64 30 31 00 01 85 
186,73 74 6F 70 74 61 64 30 31 00 01 86 
187,73 74 6F 70 74 61 64 30 31 00 01 87 
188,73 74 6F 70 74 61 64 30 31 00 01 88 
189,73 74 6F 70 74 61 64 30 31 00 01 89 
190,73 74 6F 70 74 61 64 30 31 00 01 90 
191,73 74 6F 70 74 61 64 30 31 00 01 91 
192,73 74 6F 70 74 61 64 30 31 00 01 92 
193,73 74 6F 70 74 61 64 30 31 00 01 93 
194,73 74 6F 70 74 61 64 30 31 00 01 94 
195,73 74 6F 70 74 61 64 30 31 00 01 95 
196,73 74 6F 70 74 61 64 30 31 00 01 96 
197,73 74 6F 70 74 61 64 30 31 00 01 97 
198,73 74 6F 70 74 61 64 30 31 00 01 98 
199,73 74 6F 70 74 61 64 30 31 00 01 99 
200,73 74 6F 70 74 61 64 30 31 00 02 00 
201,73 74 6F 70 74 61 64 30 31 00 02 01 
202,73 74 6F 70 74 61 64 30 31 00 02 02 
203,73 74 6F 70 74 61 64 30 31 00 02 03 
204,73 74 6F 70 74 61 64 30 31 00 02 04 
205,73 74 6F 70 74 61 64 30 31 00 02 05 
206,73 74 6F 70 74 61 64 30 31 00 02 06 
207,73 74 6F 70 74 61 64 30 31 00 02 07 
208,73 74 6F 70 74 61 64 30 31 00 02 08 
209,73 74 6F 70 74 61 64 30 31 00 02 09 
210,73 74 6F 70 74 61 64 30 31 00 02 10 
211,73 74 6F 70 74 61 64 30 31 00 02 11 
212,73 74 6F 70 74 61 64 30 31 00 02 12 
213,73 74 6F 70 74 61 64 30 31 00 02 13 
214,73 74 6F 70 74 61 64 30 31 00 02 14 
215,73 74 6F 70 74 61 64 30 31 00 02 15 
216,73 74 6F 70 74 61 64 30 31 00 02 16 
217,73 74 6F 70 74 61 64 30 31 00 02 17 
218,73 74 6F 70 74 61 64 30 31 00 02 18 
219,73 74 6F 70 74 61 64 30 31 00 02 19 
220,73 74 6F 70 74 61 64 30 31 00 02 20 
221,73 74 6F 70 74 61 64 30 31 00 02 21 
222,73 74 6F 70 74 61 64 30 31 00 02 22 
223,73 74 6F 70 74 61 64 30 31 00 02 23 
224,73 74 6F 70 74 61 64 30 31 00 02 24 
225,73 74 6F 70 74 61 64 30 31 00 02 25 
226,73 74 6F 70 74 61 64 30 31 00 02 26 
227,73 74 6F 70 74 61 64 30 31 00 02 27 
228,73 74 6F 70 74 61 64 30 31 00 02 28 
229,73 74 6F 70 74 61 64 30 31 00 02 29 
230,73 74 6F 70 74 61 64 30 31 00 02 30 
231,73 74 6F 70 74 61 64 30 31 00 02 31 
232,73 74 6F 70 74 61 64 30 31 00 02 32 
233,73 74 6F 70 74 61 64 30 31 00 02 33 
234,73 74 6F 70 74 61 64 30 31 00 02 34 
235,73 74 6F 70 74 61 64 30 31 00 02 35 
236,73 74 6F 70 74 61 64 30 31 00 02 36 
237,73 74 6F 70 74 61 64 30 31 00 02 37 
238,73 74 6F 70 74 61 64 30 31 00 02 38 
239,73 74 6F 70 74 61 64 30 31 00 02 39 
240,73 74 6F 70 74 61 64 30 31 00 02 40 
241,73 74 6F 70 74 61 64 30 31 00 02 41 
242,73 74 6F 70 74 61 64 30 31 00 02 42 
243,73 74 6F 70 74 61 64 30 31 00 02 43 
244,73 74 6F 70 74 61 64 30 31 00 02 44 
245,73 74 6F 70 74 61 64 30 31 00 02 45 
246,73 74 6F 70 74 61 64 30 31 00 02 46 
247,73 74 6F 70 74 61 64 30 31 00 02 47 
248,73 74 6F 70 74 61 64 30 31 00 02 48 
249,73 74 6F 70 74 61 64 30 31 00 02 49 
250,73 74 6F 70 74 61 64 30 31 00 02 50 
251,73 74 6F 70 74 61 64 30 31 00 02 51 
252,73 74 6F 70 74 61 64 30 31 00 02 52 
253,73 74 6F 70 74 61 64 30 31 00 02 53 
254,73 74 6F 70 74 61 64 30 31 00 02 54 
255,73 74 6F 70 74 61 64 30 31 00 02 55 
256,73 74 6F 70 74 61 64 30 31 00 02 56 
257,73 74 6F 70 74 61 64 30 31 00 02 57 
258,73 74 6F 70 74 61 64 30 31 00 02 58 
259,73 74 6F 70 74 61 64 30 31 00 02 59 
260,73 74 6F 70 74 61 64 30 31 00 02 60 
261,73 74 6F 70 74 61 64 30 31 00 02 61 
262,73 74 6F 70 74 61 64 30 31 00 02 62 
263,73 74 6F 70 74 61 64 30 31 00 02 63 
264,73 74 6F 70 74 61 64 30 31 00 02 64 
265,73 74 6F 70 74 61 64 30 31 00 02 65 
266,73 74 6F 70 74 61 64 30 31 00 02 66 
267,73 74 6F 70 74 61 64 30 31 00 02 67 
268,73 74 6F 70 74 61 64 30 31 00 02 68 
269,73 74 6F 70 74 61 64 30 31 00 02 69 
270,73 74 6F 70 74 61 64 30 31 00 02 70 
271,73 74 6F 70 74 61 64 30 31 00 02 71 
272,73 74 6F 70 74 61 64 30 31 00 02 72 
273,73 74 6F 70 74 61 64 30 31 00 02 73 
274,73 74 6F 70 74 61 64 30 31 00 02 74 
275,73 74 6F 70 74 61 64 30 31 00 02 75 
276,73 74 6F 70 74 61 64 30 31 00 02 76 
277,73 74 6F 70 74 61 64 30 31 00 02 77 
278,73 74 6F 70 74 61 64 30 31 00 02 78 
279,73 74 6F 70 74 61 64 30 31 00 02 79 
280,73 74 6F 70 74 61 64 30 31 00 02 80 
281,73 74 6F 70 74 61 64 30 31 00 02 81 
282,73 74 6F 70 74 61 64 30 31 00 02 82 
283,73 74 6F 70 74 61 64 30 31 00 02 83 
284,73 74 6F 70 74 61 64 30 31 00 02 84 
285,73 74 6F 70 74 61 64 30 31 00 02 85 
286,73 74 6F 70 74 61 64 30 31 00 02 86 
287,73 74 6F 70 74 61 64 30 31 00 02 87 
288,73 74 6F 70 74 61 64 30 31 00 02 88 
289,73 74 6F 70 74 61 64 30 31 00 02 89 
290,73 74 6F 70 74 61 64 30 31 00 02 90 
291,73 74 6F 70 74 61 64 30 31 00 02 91 
292,73 74 6F 70 74 61 64 30 31 00 02 92 
293,73 74 6F 70 74 61 64 30 31 00 02 93 
294,73 74 6F 70 74 61 64 30 31 00 02 94 
295,73 74 6F 70 74 61 64 30 31 00 02 95 
296,73 74 6F 70 74 61 64 30 31 00 02 96 
297,73 74 6F 70 74 61 64 30 31 00 02 97 
298,73 74 6F 70 74 61 64 30 31 00 02 98 
299,73 74 6F 70 74 61 64 30 31 00 02 99 
300,73 74 6F 70 74 61 64 30 31 00 03 00 
301,73 74 6F 70 74 61 64 30 31 00 03 01 
302,73 74 6F 70 74 61 64 30 31 00 03 02 
303,73 74 6F 70 74 61 64 30 31 00 03 03 
304,73 74 6F 70 74 61 64 30 31 00 03 04 
305,73 74 6F 70 74 61 64 30 31 00 03 05 
306,73 74 6F 70 74 61 64 30 31 00 03 06 
307,73 74 6F 70 74 61 64 30 31 00 03 07 
308,73 74 6F 70 74 61 64 30 31 00 03 08 
309,73 74 6F 70 74 61 64 30 31 00 03 09 
310,73 74 6F 70 74 61 64 30 31 00 03 10 
311,73 74 6F 70 74 61 64 30 31 00 03 11 
312,73 74 6F 70 74 61 64 30 31 00 03 12 
313,73 74 6F 70 74 61 64 30 31 00 03 13 
314,73 74 6F 70 74 61 64 30 31 00 03 14 
315,73 74 6F 70 74 61 64 30 31 00 03 15 
316,73 74 6F 70 74 61 64 30 31 00 03 16 
317,73 74 6F 70 74 61 64 30 31 00 03 17 
318,73 74 6F 70 74 61 64 30 31 00 03 18 
319,73 74 6F 70 74 61 64 30 31 00 03 19 
320,73 74 6F 70 74 61 64 30 31 00 03 20 
321,73 74 6F 70 74 61 64 30 31 00 03 21 
322,73 74 6F 70 74 61 64 30 31 00 03 22 
323,73 74 6F 70 74 61 64 30 31 00 03 23 
324,73 74 6F 70 74 61 64 30 31 00 03 24 
325,73 74 6F 70 74 61 64 30 31 00 03 25 
326,73 74 6F 70 74 61 64 30 31 00 03 26 
327,73 74 6F 70 74 61 64 30 31 00 03 27 
328,73 74 6F 70 74 61 64 30 31 00 03 28 
329,73 74 6F 70 74 61 64 30 31 00 03 29 
330,73 74 6F 70 74 61 64 30 31 00 03 30 
331,73 74 6F 70 74 61 64 30 31 00 03 31 
332,73 74 6F 70 74 61 64 30 31 00 03 32 
333,73 74 6F 70 74 61 64 30 31 00 03 33 
334,73 74 6F 70 74 61 64 30 31 00 03 34 
335,73 74 6F 70 74 61 64 30 31 00 03 35 
336,73 74 6F 70 74 61 64 30 31 00 03 36 
337,73 74 6F 70 74 61 64 30 31 00 03 37 
338,73 74 6F 70 74 61 64 30 31 00 03 38 
339,73 74 6F 70 74 61 64 30 31 00 03 39 
340,73 74 6F 70 74 61 64 30 31 00 03 40 
341,73 74 6F 70 74 61 64 30 31 00 03 41 
342,73 74 6F 70 74 61 64 30 31 00 03 42 
343,73 74 6F 70 74 61 64 30 31 00 03 43 
344,73 74 6F 70 74 61 64 30 31 00 03 44 
345,73 74 6F 70 74 61 64 30 31 00 03 45 
346,73 74 6F 70 74 61 64 30 31 00 03 46 
347,73 74 6F 70 74 61 64 30 31 00 03 47 
348,73 74 6F 70 74 61 64 30 31 00 03 48 
349,73 74 6F 70 74 61 64 30 31 00 03 49 
350,73 74 6F 70 74 61 64 30 31 00 03 50 
351,73 74 6F 70 74 61 64 30 31 00 03 51 
352,73 74 6F 70 74 61 64 30 31 00 03 52 
353,73 74 6F 70 74 61 64 30 31 00 03 53 
354,73 74 6F 70 74 61 64 30 31 00 03 54 
355,73 74 6F 70 74 61 64 30 31 00 03 55 
356,73 74 6F 70 74 61 64 30 31 00 03 56 
357,73 74 6F 70 74 61 64 30 31 00 03 57 
358,73 74 6F 70 74 61 64 30 31 00 03 58 
359,73 74 6F 70 74 61 64 30 31 00 03 59 
360,73 74 6F 70 74 61 64 30 31 00 03 60 
361,73 74 6F 70 74 61 64 30 31 00 03 61 
362,73 74 6F 70 74 61 64 30 31 00 03 62 
363,73 74 6F 70 74 61 64 30 31 00 03 63 
364,73 74 6F 70 74 61 64 30 31 00 03 64 
365,73 74 6F 70 74 61 64 30 31 00 03 65 
366,73 74 6F 70 74 61 64 30 31 00 03 66 
367,73 74 6F 70 74 61 64 30 31 00 03 67 
368,73 74 6F 70 74 61 64 30 31 00 03 68 
369,73 74 6F 70 74 61 64 30 31 00 03 69 
370,73 74 6F 70 74 61 64 30 31 00 03 70 
371,73 74 6F 70 74 61 64 30 31 00 03 71 
372,73 74 6F 70 74 61 64 30 31 00 03 72 
373,73 74 6F 70 74 61 64 30 31 00 03 73 
374,73 74 6F 70 74 61 64 30 31 00 03 74 
375,73 74 6F 70 74 61 64 30 31 00 03 75 
376,73 74 6F 70 74 61 64 30 31 00 03 76 
377,73 74 6F 70 74 61 64 30 31 00 03 77 
378,73 74 6F 70 74 61 64 30 31 00 03 78 
379,73 74 6F 70 74 61 64 30 31 00 03 79 
380,73 74 6F 70 74 61 64 30 31 00 03 80 
381,73 74 6F 70 74 61 64 30 31 00 03 81 
382,73 74 6F 70 74 61 64 30 31 00 03 82 
383,73 74 6F 70 74 61 64 30 31 00 03 83 
384,73 74 6F 70 74 61 64 30 31 00 03 84 
385,73 74 6F 70 74 61 64 30 31 00 03 85 
386,73 74 6F 70 74 61 64 30 31 00 03 86 
387,73 74 6F 70 74 61 64 30 31 00 03 87 
388,73 74 6F 70 74 61 64 30 31 00 03 88 
389,73 74 6F 70 74 61 64 30 31 00 03 89 
390,73 74 6F 70 74 61 64 30 31 00 03 90 
391,73 74 6F 70 74 61 64 30 31 00 03 91 
392,73 74 6F 70 74 61 64 30 31 00 03 92 
393,73 74 6F 70 74 61 64 30 31 00 03 93 
394,73 74 6F 70 74 61 64 30 31 00 03 94 
395,73 74 6F 70 74 61 64 30 31 00 03 95 
396,73 74 6F 70 74 61 64 30 31 00 03 96 
397,73 74 6F 70 74 61 64 30 31 00 03 97 
398,73 74 6F 70 74 61 64 30 31 00 03 98 
399,73 74 6F 70 74 61 64 30 31 00 03 99 
400,73 74 6F 70 74 61 64 30 31 00 04 00 
401,73 74 6F 70 74 61 64 30 31 00 04 01 
402,73 74 6F 70 74 61 64 30 31 00 04 02 
403,73 74 6F 70 74 61 64 30 31 00 04 03 
404,73 74 6F 70 74 61 64 30 31 00 04 04 
405,73 74 6F 70 74 61 64 30 31 00 04 05 
406,73 74 6F 70 74 61 64 30 31 00 04 06 
407,73 74 6F 70 74 61 64 30 31 00 04 07 
408,73 74 6F 70 74 61 64 30 31 00 04 08 
409,73 74 6F 70 74 61 64 30 31 00 04 09 
410,73 74 6F 70 74 61 64 30 31 00 04 10 
411,73 74 6F 70 74 61 64 30 31 00 04 11 
412,73 74 6F 70 74 61 64 30 31 00 04 12 
413,73 74 6F 70 74 61 64 30 31 00 04 13 
414,73 74 6F 70 74 61 64 30 31 00 04 14 
415,73 74 6F 70 74 61 64 30 31 00 04 15 
416,73 74 6F 70 74 61 64 30 31 00 04 16 
417,73 74 6F 70 74 61 64 30 31 00 04 17 
418,73 74 6F 70 74 61 64 30 31 00 04 18 
419,73 74 6F 70 74 61 64 30 31 00 04 19 
420,73 74 6F 70 74 61 64 30 31 00 04 20 
421,73 74 6F 70 74 61 64 30 31 00 04 21 
422,73 74 6F 70 74 61 64 30 31 00 04 22 
423,73 74 6F 70 74 61 64 30 31 00 04 23 
424,73 74 6F 70 74 61 64 30 31 00 04 24 
425,73 74 6F 70 74 61 64 30 31 00 04 25 
426,73 74 6F 70 74 61 64 30 31 00 04 26 
427,73 74 6F 70 74 61 64 30 31 00 04 27 
428,73 74 6F 70 74 61 64 30 31 00 04 28 
429,73 74 6F 70 74 61 64 30 31 00 04 29 
430,73 74 6F 70 74 61 64 30 31 00 04 30 
431,73 74 6F 70 74 61 64 30 31 00 04 31 
432,73 74 6F 70 74 61 64 30 31 00 04 32 
433,73 74 6F 70 74 61 64 30 31 00 04 33 
434,73 74 6F 70 74 61 64 30 31 00 04 34 
435,73 74 6F 70 74 61 64 30 31 00 04 35 
436,73 74 6F 70 74 61 64 30 31 00 04 36 
437,73 74 6F 70 74 61 64 30 31 00 04 37 
438,73 74 6F 70 74 61 64 30 31 00 04 38 
439,73 74 6F 70 74 61 64 30 31 00 04 39 
440,73 74 6F 70 74 61 64 30 31 00 04 40 
441,73 74 6F 70 74 61 64 30 31 00 04 41 
442,73 74 6F 70 74 61 64 30 31 00 04 42 
443,73 74 6F 70 74 61 64 30 31 00 04 43 
444,73 74 6F 70 74 61 64 30 31 00 04 44 
445,73 74 6F 70 74 61 64 30 31 00 04 45 
446,73 74 6F 70 74 61 64 30 31 00 04 46 
447,73 74 6F 70 74 61 64 30 31 00 04 47 
448,73 74 6F 70 74 61 64 30 31 00 04 48 
449,73 74 6F 70 74 61 64 30 31 00 04 49 
450,73 74 6F 70 74 61 64 30 31 00 04 50 
451,73 74 6F 70 74 61 64 30 31 00 04 51 
452,73 74 6F 70 74 61 64 30 31 00 04 52 
453,73 74 6F 70 74 61 64 30 31 00 04 53 
454,73 74 6F 70 74 61 64 30 31 00 04 54 
455,73 74 6F 70 74 61 64 30 31 00 04 55 
456,73 74 6F 70 74 61 64 30 31 00 04 56 
457,73 74 6F 70 74 61 64 30 31 00 04 57 
458,73 74 6F 70 74 61 64 30 31 00 04 58 
459,73 74 6F 70 74 61 64 30 31 00 04 59 
460,73 74 6F 70 74 61 64 30 31 00 04 60 
461,73 74 6F 70 74 61 64 30 31 00 04 61 
462,73 74 6F 70 74 61 64 30 31 00 04 62 
463,73 74 6F 70 74 61 64 30 31 00 04 63 
464,73 74 6F 70 74 61 64 30 31 00 04 64 
465,73 74 6F 70 74 61 64 30 31 00 04 65 
466,73 74 6F 70 74 61 64 30 31 00 04 66 
467,73 74 6F 70 74 61 64 30 31 00 04 67 
468,73 74 6F 70 74 61 64 30 31 00 04 68 
469,73 74 6F 70 74 61 64 30 31 00 04 69 
470,73 74 6F 70 74 61 64 30 31 00 04 70 
471,73 74 6F 70 74 61 64 30 31 00 04 71 
472,73 74 6F 70 74 61 64 30 31 00 04 72 
473,73 74 6F 70 74 61 64 30 31 00 04 73 
474,73 74 6F 70 74 61 64 30 31 00 04 74 
475,73 74 6F 70 74 61 64 30 31 00 04 75 
476,73 74 6F 70 74 61 64 30 31 00 04 76 
477,73 74 6F 70 74 61 64 30 31 00 04 77 
478,73 74 6F 70 74 61 64 30 31 00 04 78 
479,73 74 6F 70 74 61 64 30 31 00 04 79 
480,73 74 6F 70 74 61 64 30 31 00 04 80 
481,73 74 6F 70 74 61 64 30 31 00 04 81 
482,73 74 6F 70 74 61 64 30 31 00 04 82 
483,73 74 6F 70 74 61 64 30 31 00 04 83 
484,73 74 6F 70 74 61 64 30 31 00 04 84 
485,73 74 6F 70 74 61 64 30 31 00 04 85 
486,73 74 6F 70 74 61 64 30 31 00 04 86 
487,73 74 6F 70 74 61 64 30 31 00 04 87 
488,73 74 6F 70 74 61 64 30 31 00 04 88 
489,73 74 6F 70 74 61 64 30 31 00 04 89 
490,73 74 6F 70 74 61 64 30 31 00 04 90 
491,73 74 6F 70 74 61 64 30 31 00 04 91 
492,73 74 6F 70 74 61 64 30 31 00 04 92 
493,73 74 6F 70 74 61 64 30 31 00 04 93 
494,73 74 6F 70 74 61 64 30 31 00 04 94 
495,73 74 6F 70 74 61 64 30 31 00 04 95 
496,73 74 6F 70 74 61 64 30 31 00 04 96 
497,73 74 6F 70 74 61 64 30 31 00 04 97 
498,73 74 6F 70 74 61 64 30 31 00 04 98 
499,73 74 6F 70 74 61 64 30 31 00 04 99 
500,73 74 6F 70 74 61 64 30 31 00 05 00 
501,73 74 6F 70 74 61 64 30 31 00 05 01 
502,73 74 6F 70 74 61 64 30 31 00 05 02 
503,73 74 6F 70 74 61 64 30 31 00 05 03 
504,73 74 6F 70 74 61 64 30 31 00 05 04 
505,73 74 6F 70 74 61 64 30 31 00 05 05 
506,73 74 6F 70 74 61 64 30 31 00 05 06 
507,73 74 6F 70 74 61 64 30 31 00 05 07 
508,73 74 6F 70 74 61 64 30 31 00 05 08 
509,73 74 6F 70 74 61 64 30 31 00 05 09 
510,73 74 6F 70 74 61 64 30 31 00 05 10 
511,73 74 6F 70 74 61 64 30 31 00 05 11 
512,73 74 6F 70 74 61 64 30 31 00 05 12 
513,73 74 6F 70 74 61 64 30 31 00 05 13 
514,73 74 6F 70 74 61 64 30 31 00 05 14 
515,73 74 6F 70 74 61 64 30 31 00 05 15 
516,73 74 6F 70 74 61 64 30 31 00 05 16 
517,73 74 6F 70 74 61 64 30 31 00 05 17 
518,73 74 6F 70 74 61 64 30 31 00 05 18 
519,73 74 6F 70 74 61 64 30 31 00 05 19 
520,73 74 6F 70 74 61 64 30 31 00 05 20 
521,73 74 6F 70 74 61 64 30 31 00 05 21 
522,73 74 6F 70 74 61 64 30 31 00 05 22 
523,73 74 6F 70 74 61 64 30 31 00 05 23 
524,73 74 6F 70 74 61 64 30 31 00 05 24 
525,73 74 6F 70 74 61 64 30 31 00 05 25 
526,73 74 6F 70 74 61 64 30 31 00 05 26 
527,73 74 6F 70 74 61 64 30 31 00 05 27 
528,73 74 6F 70 74 61 64 30 31 00 05 28 
529,73 74 6F 70 74 61 64 30 31 00 05 29 
530,73 74 6F 70 74 61 64 30 31 00 05 30 
531,73 74 6F 70 74 61 64 30 31 00 05 31 
532,73 74 6F 70 74 61 64 30 31 00 05 32 
533,73 74 6F 70 74 61 64 30 31 00 05 33 
534,73 74 6F 70 74 61 64 30 31 00 05 34 
535,73 74 6F 70 74 61 64 30 31 00 05 35 
536,73 74 6F 70 74 61 64 30 31 00 05 36 
537,73 74 6F 70 74 61 64 30 31 00 05 37 
538,73 74 6F 70 74 61 64 30 31 00 05 38 
539,73 74 6F 70 74 61 64 30 31 00 05 39 
540,73 74 6F 70 74 61 64 30 31 00 05 40 
541,73 74 6F 70 74 61 64 30 31 00 05 41 
542,73 74 6F 70 74 61 64 30 31 00 05 42 
543,73 74 6F 70 74 61 64 30 31 00 05 43 
544,73 74 6F 70 74 61 64 30 31 00 05 44 
545,73 74 6F 70 74 61 64 30 31 00 05 45 
546,73 74 6F 70 74 61 64 30 31 00 05 46 
547,73 74 6F 70 74 61 64 30 31 00 05 47 
548,73 74 6F 70 74 61 64 30 31 00 05 48 
549,73 74 6F 70 74 61 64 30 31 00 05 49 
550,73 74 6F 70 74 61 64 30 31 00 05 50 
551,73 74 6F 70 74 61 64 30 31 00 05 51 
552,73 74 6F 70 74 61 64 30 31 00 05 52 
553,73 74 6F 70 74 61 64 30 31 00 05 53 
554,73 74 6F 70 74 61 64 30 31 00 05 54 
555,73 74 6F 70 74 61 64 30 31 00 05 55 
556,73 74 6F 70 74 61 64 30 31 00 05 56 
557,73 74 6F 70 74 61 64 30 31 00 05 57 
558,73 74 6F 70 74 61 64 30 31 00 05 58 
559,73 74 6F 70 74 61 64 30 31 00 05 59 
560,73 74 6F 70 74 61 64 30 31 00 05 60 
561,73 74 6F 70 74 61 64 30 31 00 05 61 
562,73 74 6F 70 74 61 64 30 31 00 05 62 
563,73 74 6F 70 74 61 64 30 31 00 05 63 
564,73 74 6F 70 74 61 64 30 31 00 05 64 
565,73 74 6F 70 74 61 64 30 31 00 05 65 
566,73 74 6F 70 74 61 64 30 31 00 05 66 
567,73 74 6F 70 74 61 64 30 31 00 05 67 
568,73 74 6F 70 74 61 64 30 31 00 05 68 
569,73 74 6F 70 74 61 64 30 31 00 05 69 
570,73 74 6F 70 74 61 64 30 31 00 05 70 
571,73 74 6F 70 74 61 64 30 31 00 05 71 
572,73 74 6F 70 74 61 64 30 31 00 05 72 
573,73 74 6F 70 74 61 64 30 31 00 05 73 
574,73 74 6F 70 74 61 64 30 31 00 05 74 
575,73 74 6F 70 74 61 64 30 31 00 05 75 
576,73 74 6F 70 74 61 64 30 31 00 05 76 
577,73 74 6F 70 74 61 64 30 31 00 05 77 
578,73 74 6F 70 74 61 64 30 31 00 05 78 
579,73 74 6F 70 74 61 64 30 31 00 05 79 
580,73 74 6F 70 74 61 64 30 31 00 05 80 
581,73 74 6F 70 74 61 64 30 31 00 05 81 
582,73 74 6F 70 74 61 64 30 31 00 05 82 
583,73 74 6F 70 74 61 64 30 31 00 05 83 
584,73 74 6F 70 74 61 64 30 31 00 05 84 
585,73 74 6F 70 74 61 64 30 31 00 05 85 
586,73 74 6F 70 74 61 64 30 31 00 05 86 
587,73 74 6F 70 74 61 64 30 31 00 05 87 
588,73 74 6F 70 74 61 64 30 31 00 05 88 
589,73 74 6F 70 74 61 64 30 31 00 05 89 
590,73 74 6F 70 74 61 64 30 31 00 05 90 
591,73 74 6F 70 74 61 64 30 31 00 05 91 
592,73 74 6F 70 74 61 64 30 31 00 05 92 
593,73 74 6F 70 74 61 64 30 31 00 05 93 
594,73 74 6F 70 74 61 64 30 31 00 05 94 
595,73 74 6F 70 74 61 64 30 31 00 05 95 
596,73 74 6F 70 74 61 64 30 31 00 05 96 
597,73 74 6F 70 74 61 64 30 31 00 05 97 
598,73 74 6F 70 74 61 64 30 31 00 05 98 
599,73 74 6F 70 74 61 64 30 31 00 05 99 
600,73 74 6F 70 74 61 64 30 31 00 06 00 
601,73 74 6F 70 74 61 64 30 31 00 06 01 
602,73 74 6F 70 74 61 64 30 31 00 06 02 
603,73 74 6F 70 74 61 64 30 31 00 06 03 
604,73 74 6F 70 74 61 64 30 31 00 06 04 
605,73 74 6F 70 74 61 64 30 31 00 06 05 
606,73 74 6F 70 74 61 64 30 31 00 06 06 
607,73 74 6F 70 74 61 64 30 31 00 06 07 
608,73 74 6F 70 74 61 64 30 31 00 06 08 
609,73 74 6F 70 74 61 64 30 31 00 06 09 
610,73 74 6F 70 74 61 64 30 31 00 06 10 
611,73 74 6F 70 74 61 64 30 31 00 06 11 
612,73 74 6F 70 74 61 64 30 31 00 06 12 
613,73 74 6F 70 74 61 64 30 31 00 06 13 
614,73 74 6F 70 74 61 64 30 31 00 06 14 
615,73 74 6F 70 74 61 64 30 31 00 06 15 
616,73 74 6F 70 74 61 64 30 31 00 06 16 
617,73 74 6F 70 74 61 64 30 31 00 06 17 
618,73 74 6F 70 74 61 64 30 31 00 06 18 
619,73 74 6F 70 74 61 64 30 31 00 06 19 
620,73 74 6F 70 74 61 64 30 31 00 06 20 
621,73 74 6F 70 74 61 64 30 31 00 06 21 
622,73 74 6F 70 74 61 64 30 31 00 06 22 
623,73 74 6F 70 74 61 64 30 31 00 06 23 
624,73 74 6F 70 74 61 64 30 31 00 06 24 
625,73 74 6F 70 74 61 64 30 31 00 06 25 
626,73 74 6F 70 74 61 64 30 31 00 06 26 
627,73 74 6F 70 74 61 64 30 31 00 06 27 
628,73 74 6F 70 74 61 64 30 31 00 06 28 
629,73 74 6F 70 74 61 64 30 31 00 06 29 
630,73 74 6F 70 74 61 64 30 31 00 06 30 
631,73 74 6F 70 74 61 64 30 31 00 06 31 
632,73 74 6F 70 74 61 64 30 31 00 06 32 
633,73 74 6F 70 74 61 64 30 31 00 06 33 
634,73 74 6F 70 74 61 64 30 31 00 06 34 
635,73 74 6F 70 74 61 64 30 31 00 06 35 
636,73 74 6F 70 74 61 64 30 31 00 06 36 
637,73 74 6F 70 74 61 64 30 31 00 06 37 
638,73 74 6F 70 74 61 64 30 31 00 06 38 
639,73 74 6F 70 74 61 64 30 31 00 06 39 
640,73 74 6F 70 74 61 64 30 31 00 06 40 
641,73 74 6F 70 74 61 64 30 31 00 06 41 
642,73 74 6F 70 74 61 64 30 31 00 06 42 
643,73 74 6F 70 74 61 64 30 31 00 06 43 
644,73 74 6F 70 74 61 64 30 31 00 06 44 
645,73 74 6F 70 74 61 64 30 31 00 06 45 
646,73 74 6F 70 74 61 64 30 31 00 06 46 
647,73 74 6F 70 74 61 64 30 31 00 06 47 
648,73 74 6F 70 74 61 64 30 31 00 06 48 
649,73 74 6F 70 74 61 64 30 31 00 06 49 
650,73 74 6F 70 74 61 64 30 31 00 06 50 
651,73 74 6F 70 74 61 64 30 31 00 06 51 
652,73 74 6F 70 74 61 64 30 31 00 06 52 
653,73 74 6F 70 74 61 64 30 31 00 06 53 
654,73 74 6F 70 74 61 64 30 31 00 06 54 
655,73 74 6F 70 74 61 64 30 31 00 06 55 
656,73 74 6F 70 74 61 64 30 31 00 06 56 
657,73 74 6F 70 74 61 64 30 31 00 06 57 
658,73 74 6F 70 74 61 64 30 31 00 06 58 
659,73 74 6F 70 74 61 64 30 31 00 06 59 
660,73 74 6F 70 74 61 64 30 31 00 06 60 
661,73 74 6F 70 74 61 64 30 31 00 06 61 
662,73 74 6F 70 74 61 64 30 31 00 06 62 
663,73 74 6F 70 74 61 64 30 31 00 06 63 
664,73 74 6F 70 74 61 64 30 31 00 06 64 
665,73 74 6F 70 74 61 64 30 31 00 06 65 
666,73 74 6F 70 74 61 64 30 31 00 06 66 
667,73 74 6F 70 74 61 64 30 31 00 06 67 
668,73 74 6F 70 74 61 64 30 31 00 06 68 
669,73 74 6F 70 74 61 64 30 31 00 06 69 
670,73 74 6F 70 74 61 64 30 31 00 06 70 
671,73 74 6F 70 74 61 64 30 31 00 06 71 
672,73 74 6F 70 74 61 64 30 31 00 06 72 
673,73 74 6F 70 74 61 64 30 31 00 06 73 
674,73 74 6F 70 74 61 64 30 31 00 06 74 
675,73 74 6F 70 74 61 64 30 31 00 06 75 
676,73 74 6F 70 74 61 64 30 31 00 06 76 
677,73 74 6F 70 74 61 64 30 31 00 06 77 
678,73 74 6F 70 74 61 64 30 31 00 06 78 
679,73 74 6F 70 74 61 64 30 31 00 06 79 
680,73 74 6F 70 74 61 64 30 31 00 06 80 
681,73 74 6F 70 74 61 64 30 31 00 06 81 
682,73 74 6F 70 74 61 64 30 31 00 06 82 
683,73 74 6F 70 74 61 64 30 31 00 06 83 
684,73 74 6F 70 74 61 64 30 31 00 06 84 
685,73 74 6F 70 74 61 64 30 31 00 06 85 
686,73 74 6F 70 74 61 64 30 31 00 06 86 
687,73 74 6F 70 74 61 64 30 31 00 06 87 
688,73 74 6F 70 74 61 64 30 31 00 06 88 
689,73 74 6F 70 74 61 64 30 31 00 06 89 
690,73 74 6F 70 74 61 64 30 31 00 06 90 
691,73 74 6F 70 74 61 64 30 31 00 06 91 
692,73 74 6F 70 74 61 64 30 31 00 06 92 
693,73 74 6F 70 74 61 64 30 31 00 06 93 
694,73 74 6F 70 74 61 64 30 31 00 06 94 
695,73 74 6F 70 74 61 64 30 31 00 06 95 
696,73 74 6F 70 74 61 64 30 31 00 06 96 
697,73 74 6F 70 74 61 64 30 31 00 06 97 
698,73 74 6F 70 74 61 64 30 31 00 06 98 
699,73 74 6F 70 74 61 64 30 31 00 06 99 
700,73 74 6F 70 74 61 64 30 31 00 07 00 
701,73 74 6F 70 74 61 64 30 31 00 07 01 
702,73 74 6F 70 74 61 64 30 31 00 07 02 
703,73 74 6F 70 74 61 64 30 31 00 07 03 
704,73 74 6F 70 74 61 64 30 31 00 07 04 
705,73 74 6F 70 74 61 64 30 31 00 07 05 
706,73 74 6F 70 74 61 64 30 31 00 07 06 
707,73 74 6F 70 74 61 64 30 31 00 07 07 
708,73 74 6F 70 74 61 64 30 31 00 07 08 
709,73 74 6F 70 74 61 64 30 31 00 07 09 
710,73 74 6F 70 74 61 64 30 31 00 07 10 
711,73 74 6F 70 74 61 64 30 31 00 07 11 
712,73 74 6F 70 74 61 64 30 31 00 07 12 
713,73 74 6F 70 74 61 64 30 31 00 07 13 
714,73 74 6F 70 74 61 64 30 31 00 07 14 
715,73 74 6F 70 74 61 64 30 31 00 07 15 
716,73 74 6F 70 74 61 64 30 31 00 07 16 
717,73 74 6F 70 74 61 64 30 31 00 07 17 
718,73 74 6F 70 74 61 64 30 31 00 07 18 
719,73 74 6F 70 74 61 64 30 31 00 07 19 
720,73 74 6F 70 74 61 64 30 31 00 07 20 
721,73 74 6F 70 74 61 64 30 31 00 07 21 
722,73 74 6F 70 74 61 64 30 31 00 07 22 
723,73 74 6F 70 74 61 64 30 31 00 07 23 
724,73 74 6F 70 74 61 64 30 31 00 07 24 
725,73 74 6F 70 74 61 64 30 31 00 07 25 
726,73 74 6F 70 74 61 64 30 31 00 07 26 
727,73 74 6F 70 74 61 64 30 31 00 07 27 
728,73 74 6F 70 74 61 64 30 31 00 07 28 
729,73 74 6F 70 74 61 64 30 31 00 07 29 
730,73 74 6F 70 74 61 64 30 31 00 07 30 
731,73 74 6F 70 74 61 64 30 31 00 07 31 
732,73 74 6F 70 74 61 64 30 31 00 07 32 
733,73 74 6F 70 74 61 64 30 31 00 07 33 
734,73 74 6F 70 74 61 64 30 31 00 07 34 
735,73 74 6F 70 74 61 64 30 31 00 07 35 
736,73 74 6F 70 74 61 64 30 31 00 07 36 
737,73 74 6F 70 74 61 64 30 31 00 07 37 
738,73 74 6F 70 74 61 64 30 31 00 07 38 
739,73 74 6F 70 74 61 64 30 31 00 07 39 
740,73 74 6F 70 74 61 64 30 31 00 07 40 
741,73 74 6F 70 74 61 64 30 31 00 07 41 
742,73 74 6F 70 74 61 64 30 31 00 07 42 
743,73 74 6F 70 74 61 64 30 31 00 07 43 
744,73 74 6F 70 74 61 64 30 31 00 07 44 
745,73 74 6F 70 74 61 64 30 31 00 07 45 
746,73 74 6F 70 74 61 64 30 31 00 07 46 
747,73 74 6F 70 74 61 64 30 31 00 07 47 
748,73 74 6F 70 74 61 64 30 31 00 07 48 
749,73 74 6F 70 74 61 64 30 31 00 07 49 
750,73 74 6F 70 74 61 64 30 31 00 07 50 
751,73 74 6F 70 74 61 64 30 31 00 07 51 
752,73 74 6F 70 74 61 64 30 31 00 07 52 
753,73 74 6F 70 74 61 64 30 31 00 07 53 
754,73 74 6F 70 74 61 64 30 31 00 07 54 
755,73 74 6F 70 74 61 64 30 31 00 07 55 
756,73 74 6F 70 74 61 64 30 31 00 07 56 
757,73 74 6F 70 74 61 64 30 31 00 07 57 
758,73 74 6F 70 74 61 64 30 31 00 07 58 
759,73 74 6F 70 74 61 64 30 31 00 07 59 
760,73 74 6F 70 74 61 64 30 31 00 07 60 
761,73 74 6F 70 74 61 64 30 31 00 07 61 
762,73 74 6F 70 74 61 64 30 31 00 07 62 
763,73 74 6F 70 74 61 64 30 31 00 07 63 
764,73 74 6F 70 74 61 64 30 31 00 07 64 
765,73 74 6F 70 74 61 64 30 31 00 07 65 
766,73 74 6F 70 74 61 64 30 31 00 07 66 
767,73 74 6F 70 74 61 64 30 31 00 07 67 
768,73 74 6F 70 74 61 64 30 31 00 07 68 
769,73 74 6F 70 74 61 64 30 31 00 07 69 
770,73 74 6F 70 74 61 64 30 31 00 07 70 
771,73 74 6F 70 74 61 64 30 31 00 07 71 
772,73 74 6F 70 74 61 64 30 31 00 07 72 
773,73 74 6F 70 74 61 64 30 31 00 07 73 
774,73 74 6F 70 74 61 64 30 31 00 07 74 
775,73 74 6F 70 74 61 64 30 31 00 07 75 
776,73 74 6F 70 74 61 64 30 31 00 07 76 
777,73 74 6F 70 74 61 64 30 31 00 07 77 
778,73 74 6F 70 74 61 64 30 31 00 07 78 
779,73 74 6F 70 74 61 64 30 31 00 07 79 
780,73 74 6F 70 74 61 64 30 31 00 07 80 
781,73 74 6F 70 74 61 64 30 31 00 07 81 
782,73 74 6F 70 74 61 64 30 31 00 07 82 
783,73 74 6F 70 74 61 64 30 31 00 07 83 
784,73 74 6F 70 74 61 64 30 31 00 07 84 
785,73 74 6F 70 74 61 64 30 31 00 07 85 
786,73 74 6F 70 74 61 64 30 31 00 07 86 
787,73 74 6F 70 74 61 64 30 31 00 07 87 
788,73 74 6F 70 74 61 64 30 31 00 07 88 
789,73 74 6F 70 74 61 64 30 31 00 07 89 
790,73 74 6F 70 74 61 64 30 31 00 07 90 
791,73 74 6F 70 74 61 64 30 31 00 07 91 
792,73 74 6F 70 74 61 64 30 31 00 07 92 
793,73 74 6F 70 74 61 64 30 31 00 07 93 
794,73 74 6F 70 74 61 64 30 31 00 07 94 
795,73 74 6F 70 74 61 64 30 31 00 07 95 
796,73 74 6F 70 74 61 64 30 31 00 07 96 
797,73 74 6F 70 74 61 64 30 31 00 07 97 
798,73 74 6F 70 74 61 64 30 31 00 07 98 
799,73 74 6F 70 74 61 64 30 31 00 07 99 
800,73 74 6F 70 74 61 64 30 31 00 08 00 
801,73 74 6F 70 74 61 64 30 31 00 08 01 
802,73 74 6F 70 74 61 64 30 31 00 08 02 
803,73 74 6F 70 74 61 64 30 31 00 08 03 
804,73 74 6F 70 74 61 64 30 31 00 08 04 
805,73 74 6F 70 74 61 64 30 31 00 08 05 
806,73 74 6F 70 74 61 64 30 31 00 08 06 
807,73 74 6F 70 74 61 64 30 31 00 08 07 
808,73 74 6F 70 74 61 64 30 31 00 08 08 
809,73 74 6F 70 74 61 64 30 31 00 08 09 
810,73 74 6F 70 74 61 64 30 31 00 08 10 
811,73 74 6F 70 74 61 64 30 31 00 08 11 
812,73 74 6F 70 74 61 64 30 31 00 08 12 
813,73 74 6F 70 74 61 64 30 31 00 08 13 
814,73 74 6F 70 74 61 64 30 31 00 08 14 
815,73 74 6F 70 74 61 64 30 31 00 08 15 
816,73 74 6F 70 74 61 64 30 31 00 08 16 
817,73 74 6F 70 74 61 64 30 31 00 08 17 
818,73 74 6F 70 74 61 64 30 31 00 08 18 
819,73 74 6F 70 74 61 64 30 31 00 08 19 
820,73 74 6F 70 74 61 64 30 31 00 08 20 
821,73 74 6F 70 74 61 64 30 31 00 08 21 
822,73 74 6F 70 74 61 64 30 31 00 08 22 
823,73 74 6F 70 74 61 64 30 31 00 08 23 
824,73 74 6F 70 74 61 64 30 31 00 08 24 
825,73 74 6F 70 74 61 64 30 31 00 08 25 
826,73 74 6F 70 74 61 64 30 31 00 08 26 
827,73 74 6F 70 74 61 64 30 31 00 08 27 
828,73 74 6F 70 74 61 64 30 31 00 08 28 
829,73 74 6F 70 74 61 64 30 31 00 08 29 
830,73 74 6F 70 74 61 64 30 31 00 08 30 
831,73 74 6F 70 74 61 64 30 31 00 08 31 
832,73 74 6F 70 74 61 64 30 31 00 08 32 
833,73 74 6F 70 74 61 64 30 31 00 08 33 
834,73 74 6F 70 74 61 64 30 31 00 08 34 
835,73 74 6F 70 74 61 64 30 31 00 08 35 
836,73 74 6F 70 74 61 64 30 31 00 08 36 
837,73 74 6F 70 74 61 64 30 31 00 08 37 
838,73 74 6F 70 74 61 64 30 31 00 08 38 
839,73 74 6F 70 74 61 64 30 31 00 08 39 
840,73 74 6F 70 74 61 64 30 31 00 08 40 
841,73 74 6F 70 74 61 64 30 31 00 08 41 
842,73 74 6F 70 74 61 64 30 31 00 08 42 
843,73 74 6F 70 74 61 64 30 31 00 08 43 
844,73 74 6F 70 74 61 64 30 31 00 08 44 
845,73 74 6F 70 74 61 64 30 31 00 08 45 
846,73 74 6F 70 74 61 64 30 31 00 08 46 
847,73 74 6F 70 74 61 64 30 31 00 08 47 
848,73 74 6F 70 74 61 64 30 31 00 08 48 
849,73 74 6F 70 74 61 64 30 31 00 08 49 
850,73 74 6F 70 74 61 64 30 31 00 08 50 
851,73 74 6F 70 74 61 64 30 31 00 08 51 
852,73 74 6F 70 74 61 64 30 31 00 08 52 
853,73 74 6F 70 74 61 64 30 31 00 08 53 
854,73 74 6F 70 74 61 64 30 31 00 08 54 
855,73 74 6F 70 74 61 64 30 31 00 08 55 
856,73 74 6F 70 74 61 64 30 31 00 08 56 
857,73 74 6F 70 74 61 64 30 31 00 08 57 
858,73 74 6F 70 74 61 64 30 31 00 08 58 
859,73 74 6F 70 74 61 64 30 31 00 08 59 
860,73 74 6F 70 74 61 64 30 31 00 08 60 
861,73 74 6F 70 74 61 64 30 31 00 08 61 
862,73 74 6F 70 74 61 64 30 31 00 08 62 
863,73 74 6F 70 74 61 64 30 31 00 08 63 
864,73 74 6F 70 74 61 64 30 31 00 08 64 
865,73 74 6F 70 74 61 64 30 31 00 08 65 
866,73 74 6F 70 74 61 64 30 31 00 08 66 
867,73 74 6F 70 74 61 64 30 31 00 08 67 
868,73 74 6F 70 74 61 64 30 31 00 08 68 
869,73 74 6F 70 74 61 64 30 31 00 08 69 
870,73 74 6F 70 74 61 64 30 31 00 08 70 
871,73 74 6F 70 74 61 64 30 31 00 08 71 
872,73 74 6F 70 74 61 64 30 31 00 08 72 
873,73 74 6F 70 74 61 64 30 31 00 08 73 
874,73 74 6F 70 74 61 64 30 31 00 08 74 
875,73 74 6F 70 74 61 64 30 31 00 08 75 
876,73 74 6F 70 74 61 64 30 31 00 08 76 
877,73 74 6F 70 74 61 64 30 31 00 08 77 
878,73 74 6F 70 74 61 64 30 31 00 08 78 
879,73 74 6F 70 74 61 64 30 31 00 08 79 
880,73 74 6F 70 74 61 64 30 31 00 08 80 
881,73 74 6F 70 74 61 64 30 31 00 08 81 
882,73 74 6F 70 74 61 64 30 31 00 08 82 
883,73 74 6F 70 74 61 64 30 31 00 08 83 
884,73 74 6F 70 74 61 64 30 31 00 08 84 
885,73 74 6F 70 74 61 64 30 31 00 08 85 
886,73 74 6F 70 74 61 64 30 31 00 08 86 
887,73 74 6F 70 74 61 64 30 31 00 08 87 
888,73 74 6F 70 74 61 64 30 31 00 08 88 
889,73 74 6F 70 74 61 64 30 31 00 08 89 
890,73 74 6F 70 74 61 64 30 31 00 08 90 
891,73 74 6F 70 74 61 64 30 31 00 08 91 
892,73 74 6F 70 74 61 64 30 31 00 08 92 
893,73 74 6F 70 74 61 64 30 31 00 08 93 
894,73 74 6F 70 74 61 64 30 31 00 08 94 
895,73 74 6F 70 74 61 64 30 31 00 08 95 
896,73 74 6F 70 74 61 64 30 31 00 08 96 
897,73 74 6F 70 74 61 64 30 31 00 08 97 
898,73 74 6F 70 74 61 64 30 31 00 08 98 
899,73 74 6F 70 74 61 64 30 31 00 08 99 
900,73 74 6F 70 74 61 64 30 31 00 09 00 
901,73 74 6F 70 74 61 64 30 31 00 09 01 
902,73 74 6F 70 74 61 64 30 31 00 09 02 
903,73 74 6F 70 74 61 64 30 31 00 09 03 
904,73 74 6F 70 74 61 64 30 31 00 09 04 
905,73 74 6F 70 74 61 64 30 31 00 09 05 
906,73 74 6F 70 74 61 64 30 31 00 09 06 
907,73 74 6F 70 74 61 64 30 31 00 09 07 
908,73 74 6F 70 74 61 64 30 31 00 09 08 
909,73 74 6F 70 74 61 64 30 31 00 09 09 
910,73 74 6F 70 74 61 64 30 31 00 09 10 
911,73 74 6F 70 74 61 64 30 31 00 09 11 
912,73 74 6F 70 74 61 64 30 31 00 09 12 
913,73 74 6F 70 74 61 64 30 31 00 09 13 
914,73 74 6F 70 74 61 64 30 31 00 09 14 
915,73 74 6F 70 74 61 64 30 31 00 09 15 
916,73 74 6F 70 74 61 64 30 31 00 09 16 
917,73 74 6F 70 74 61 64 30 31 00 09 17 
918,73 74 6F 70 74 61 64 30 31 00 09 18 
919,73 74 6F 70 74 61 64 30 31 00 09 19 
920,73 74 6F 70 74 61 64 30 31 00 09 20 
921,73 74 6F 70 74 61 64 30 31 00 09 21 
922,73 74 6F 70 74 61 64 30 31 00 09 22 
923,73 74 6F 70 74 61 64 30 31 00 09 23 
924,73 74 6F 70 74 61 64 30 31 00 09 24 
925,73 74 6F 70 74 61 64 30 31 00 09 25 
926,73 74 6F 70 74 61 64 30 31 00 09 26 
927,73 74 6F 70 74 61 64 30 31 00 09 27 
928,73 74 6F 70 74 61 64 30 31 00 09 28 
929,73 74 6F 70 74 61 64 30 31 00 09 29 
930,73 74 6F 70 74 61 64 30 31 00 09 30 
931,73 74 6F 70 74 61 64 30 31 00 09 31 
932,73 74 6F 70 74 61 64 30 31 00 09 32 
933,73 74 6F 70 74 61 64 30 31 00 09 33 
934,73 74 6F 70 74 61 64 30 31 00 09 34 
935,73 74 6F 70 74 61 64 30 31 00 09 35 
936,73 74 6F 70 74 61 64 30 31 00 09 36 
937,73 74 6F 70 74 61 64 30 31 00 09 37 
938,73 74 6F 70 74 61 64 30 31 00 09 38 
939,73 74 6F 70 74 61 64 30 31 00 09 39 
940,73 74 6F 70 74 61 64 30 31 00 09 40 
941,73 74 6F 70 74 61 64 30 31 00 09 41 
942,73 74 6F 70 74 61 64 30 31 00 09 42 
943,73 74 6F 70 74 61 64 30 31 00 09 43 
944,73 74 6F 70 74 61 64 30 31 00 09 44 
945,73 74 6F 70 74 61 64 30 31 00 09 45 
946,73 74 6F 70 74 61 64 30 31 00 09 46 
947,73 74 6F 70 74 61 64 30 31 00 09 47 
948,73 74 6F 70 74 61 64 30 31 00 09 48 
949,73 74 6F 70 74 61 64 30 31 00 09 49 
950,73 74 6F 70 74 61 64 30 31 00 09 50 
951,73 74 6F 70 74 61 64 30 31 00 09 51 
952,73 74 6F 70 74 61 64 30 31 00 09 52 
953,73 74 6F 70 74 61 64 30 31 00 09 53 
954,73 74 6F 70 74 61 64 30 31 00 09 54 
955,73 74 6F 70 74 61 64 30 31 00 09 55 
956,73 74 6F 70 74 61 64 30 31 00 09 56 
957,73 74 6F 70 74 61 64 30 31 00 09 57 
958,73 74 6F 70 74 61 64 30 31 00 09 58 
959,73 74 6F 70 74 61 64 30 31 00 09 59 
960,73 74 6F 70 74 61 64 30 31 00 09 60 
961,73 74 6F 70 74 61 64 30 31 00 09 61 
962,73 74 6F 70 74 61 64 30 31 00 09 62 
963,73 74 6F 70 74 61 64 30 31 00 09 63 
964,73 74 6F 70 74 61 64 30 31 00 09 64 
965,73 74 6F 70 74 61 64 30 31 00 09 65 
966,73 74 6F 70 74 61 64 30 31 00 09 66 
967,73 74 6F 70 74 61 64 30 31 00 09 67 
968,73 74 6F 70 74 61 64 30 31 00 09 68 
969,73 74 6F 70 74 61 64 30 31 00 09 69 
970,73 74 6F 70 74 61 64 30 31 00 09 70 
971,73 74 6F 70 74 61 64 30 31 00 09 71 
972,73 74 6F 70 74 61 64 30 31 00 09 72 
973,73 74 6F 70 74 61 64 30 31 00 09 73 
974,73 74 6F 70 74 61 64 30 31 00 09 74 
975,73 74 6F 70 74 61 64 30 31 00 09 75 
976,73 74 6F 70 74 61 64 30 31 00 09 76 
977,73 74 6F 70 74 61 64 30 31 00 09 77 
978,73 74 6F 70 74 61 64 30 31 00 09 78 
979,73 74 6F 70 74 61 64 30 31 00 09 79 
980,73 74 6F 70 74 61 64 30 31 00 09 80 
981,73 74 6F 70 74 61 64 30 31 00 09 81 
982,73 74 6F 70 74 61 64 30 31 00 09 82 
983,73 74 6F 70 74 61 64 30 31 00 09 83 
984,73 74 6F 70 74 61 64 30 31 00 09 84 
985,73 74 6F 70 74 61 64 30 31 00 09 85 
986,73 74 6F 70 74 61 64 30 31 00 09 86 
987,73 74 6F 70 74 61 64 30 31 00 09 87 
988,73 74 6F 70 74 61 64 30 31 00 09 88 
989,73 74 6F 70 74 61 64 30 31 00 09 89 
990,73 74 6F 70 74 61 64 30 31 00 09 90 
991,73 74 6F 70 74 61 64 30 31 00 09 91 
992,73 74 6F 70 74 61 64 30 31 00 09 92 
993,73 74 6F 70 74 61 64 30 31 00 09 93 
994,73 74 6F 70 74 61 64 30 31 00 09 94 
995,73 74 6F 70 74 61 64 30 31 00 09 95 
996,73 74 6F 70 74 61 64 30 31 00 09 96 
997,73 74 6F 70 74 61 64 30 31 00 09 97 
998,73 74 6F 70 74 61 64 30 31 00 09 98 
999,73 74 6F 70 74 61 64 30 31 00 09 99 
